[{"model": "contenttypes.contenttype", "pk": 1, "fields": {"app_label": "admin", "model": "logentry"}}, {"model": "contenttypes.contenttype", "pk": 2, "fields": {"app_label": "auth", "model": "permission"}}, {"model": "contenttypes.contenttype", "pk": 3, "fields": {"app_label": "auth", "model": "group"}}, {"model": "contenttypes.contenttype", "pk": 4, "fields": {"app_label": "auth", "model": "user"}}, {"model": "contenttypes.contenttype", "pk": 5, "fields": {"app_label": "contenttypes", "model": "contenttype"}}, {"model": "contenttypes.contenttype", "pk": 6, "fields": {"app_label": "sessions", "model": "session"}}, {"model": "contenttypes.contenttype", "pk": 7, "fields": {"app_label": "blog", "model": "blog"}}, {"model": "contenttypes.contenttype", "pk": 8, "fields": {"app_label": "blog", "model": "blogtype"}}, {"model": "contenttypes.contenttype", "pk": 9, "fields": {"app_label": "read_statistics", "model": "readdetail"}}, {"model": "contenttypes.contenttype", "pk": 10, "fields": {"app_label": "read_statistics", "model": "readnum"}}, {"model": "contenttypes.contenttype", "pk": 11, "fields": {"app_label": "comment", "model": "comment"}}, {"model": "contenttypes.contenttype", "pk": 12, "fields": {"app_label": "likes", "model": "likecount"}}, {"model": "contenttypes.contenttype", "pk": 13, "fields": {"app_label": "likes", "model": "likerecord"}}, {"model": "contenttypes.contenttype", "pk": 14, "fields": {"app_label": "user", "model": "profile"}}, {"model": "sessions.session", "pk": "pmvn7apwha0dhs6cbh0esenfdipxb0cd", "fields": {"session_data": "ZDExMmUyYjQyMmUzYzFkMDAxMGMzZDRiM2I2ZjEyMDEzNWI1MzVjNDp7Il9hdXRoX3VzZXJfaWQiOiIxIiwiX2F1dGhfdXNlcl9iYWNrZW5kIjoiZGphbmdvLmNvbnRyaWIuYXV0aC5iYWNrZW5kcy5Nb2RlbEJhY2tlbmQiLCJfYXV0aF91c2VyX2hhc2giOiJmYjI3Zjc4ZWE0NGMyYjQ2NDY3NzhlNmYzOGE0ZmJhNDY3ZWMxYTE2In0=", "expire_date": "2018-12-20T01:35:00.118Z"}}, {"model": "sessions.session", "pk": "s7tcl2ytgqiysd854nfcfcjvblc7vbm1", "fields": {"session_data": "ZDczMjRhZTBjZDZjNWRkYjI2MjJiYTk1NmIwMjQ1MjE2OTYxOWQ5MTp7InNlbmRfY29kZV90aW1lIjoxNTQ0NDUxMDE5LCJfYXV0aF91c2VyX2lkIjoiMiIsIl9hdXRoX3VzZXJfYmFja2VuZCI6ImRqYW5nby5jb250cmliLmF1dGguYmFja2VuZHMuTW9kZWxCYWNrZW5kIiwiX2F1dGhfdXNlcl9oYXNoIjoiMGVjMDFkOWJiNGQwMjhjYjQzODQyYmJiYWNlZmI5OTA5ZWZjZTYzYiJ9", "expire_date": "2018-12-24T14:12:15.678Z"}}, {"model": "blog.blogtype", "pk": 1, "fields": {"type_name": "\u827e\u6b27\u5c3c\u4e9a"}}, {"model": "blog.blogtype", "pk": 2, "fields": {"type_name": "\u7956\u5b89"}}, {"model": "blog.blogtype", "pk": 3, "fields": {"type_name": "\u8bfa\u514b\u8428\u65af"}}, {"model": "blog.blogtype", "pk": 4, "fields": {"type_name": "\u73ed\u5fb7\u5c14\u57ce"}}, {"model": "blog.blogtype", "pk": 5, "fields": {"type_name": "\u76ae\u5c14\u7279\u6c83\u592b"}}, {"model": "blog.blogtype", "pk": 6, "fields": {"type_name": "\u6218\u4e89\u5b66\u9662"}}, {"model": "blog.blogtype", "pk": 7, "fields": {"type_name": "\u5de8\u795e\u5cf0"}}, {"model": "blog.blogtype", "pk": 8, "fields": {"type_name": "\u96f7\u745f\u5b88\u5907"}}, {"model": "blog.blogtype", "pk": 9, "fields": {"type_name": "\u88c1\u51b3\u4e4b\u5730"}}, {"model": "blog.blogtype", "pk": 10, "fields": {"type_name": "\u9ed1\u8272\u73ab\u7470"}}, {"model": "blog.blogtype", "pk": 11, "fields": {"type_name": "\u6697\u5f71\u5c9b"}}, {"model": "blog.blogtype", "pk": 12, "fields": {"type_name": "\u94a2\u94c1\u70c8\u9633"}}, {"model": "blog.blogtype", "pk": 13, "fields": {"type_name": "\u6c34\u6676\u4e4b\u75d5"}}, {"model": "blog.blogtype", "pk": 14, "fields": {"type_name": "\u5747\u8861\u6559\u6d3e"}}, {"model": "blog.blogtype", "pk": 15, "fields": {"type_name": "\u5f71\u6d41"}}, {"model": "blog.blogtype", "pk": 16, "fields": {"type_name": "\u5b88\u671b\u4e4b\u6d77"}}, {"model": "blog.blogtype", "pk": 17, "fields": {"type_name": "\u5f81\u670d\u4e4b\u6d77"}}, {"model": "blog.blogtype", "pk": 18, "fields": {"type_name": "\u5361\u62c9\u66fc\u8fbe"}}, {"model": "blog.blogtype", "pk": 19, "fields": {"type_name": "\u76ae\u57ce\u8b66\u5907"}}, {"model": "blog.blogtype", "pk": 20, "fields": {"type_name": "\u5ce1\u8c37\u4e4b\u5dc5"}}, {"model": "blog.blogtype", "pk": 21, "fields": {"type_name": "\u6bd4\u5c14\u5409\u6c83\u7279"}}, {"model": "blog.blogtype", "pk": 22, "fields": {"type_name": "\u5fb7\u739b\u897f\u4e9a"}}, {"model": "blog.blogtype", "pk": 23, "fields": {"type_name": "\u5f17\u96f7\u5c14\u5353\u5fb7"}}, {"model": "blog.blogtype", "pk": 24, "fields": {"type_name": "\u65e0\u754f\u5148\u950b"}}, {"model": "blog.blogtype", "pk": 25, "fields": {"type_name": "\u6055\u745e\u739b"}}, {"model": "blog.blogtype", "pk": 26, "fields": {"type_name": "\u626d\u66f2\u4e1b\u6797"}}, {"model": "blog.blogtype", "pk": 27, "fields": {"type_name": "\u5de8\u9f99\u4e4b\u5de2"}}, {"model": "blog.blogtype", "pk": 28, "fields": {"type_name": "\u7537\u7235\u9886\u5730"}}, {"model": "read_statistics.readnum", "pk": 1, "fields": {"read_num": 4, "content_type": 7, "object_id": 17}}, {"model": "read_statistics.readnum", "pk": 2, "fields": {"read_num": 1, "content_type": 7, "object_id": 16}}, {"model": "read_statistics.readdetail", "pk": 1, "fields": {"date": "2018-12-04", "read_num": 1, "content_type": 7, "object_id": 17}}, {"model": "read_statistics.readdetail", "pk": 2, "fields": {"date": "2018-12-06", "read_num": 1, "content_type": 7, "object_id": 17}}, {"model": "read_statistics.readdetail", "pk": 3, "fields": {"date": "2018-12-06", "read_num": 1, "content_type": 7, "object_id": 16}}, {"model": "read_statistics.readdetail", "pk": 4, "fields": {"date": "2018-12-07", "read_num": 2, "content_type": 7, "object_id": 17}}, {"model": "likes.likecount", "pk": 1, "fields": {"content_type": 7, "object_id": 17, "liked_num": 0}}, {"model": "likes.likecount", "pk": 2, "fields": {"content_type": 7, "object_id": 16, "liked_num": 0}}, {"model": "likes.likecount", "pk": 3, "fields": {"content_type": 7, "object_id": 15, "liked_num": 0}}, {"model": "likes.likecount", "pk": 4, "fields": {"content_type": 7, "object_id": 14, "liked_num": 0}}, {"model": "likes.likecount", "pk": 5, "fields": {"content_type": 7, "object_id": 13, "liked_num": 0}}, {"model": "likes.likecount", "pk": 6, "fields": {"content_type": 7, "object_id": 12, "liked_num": 0}}, {"model": "likes.likecount", "pk": 7, "fields": {"content_type": 7, "object_id": 11, "liked_num": 0}}, {"model": "likes.likecount", "pk": 8, "fields": {"content_type": 11, "object_id": 2, "liked_num": 0}}, {"model": "likes.likecount", "pk": 9, "fields": {"content_type": 11, "object_id": 1, "liked_num": 0}}, {"model": "likes.likecount", "pk": 10, "fields": {"content_type": 11, "object_id": 3, "liked_num": 0}}, {"model": "likes.likecount", "pk": 11, "fields": {"content_type": 11, "object_id": 4, "liked_num": 0}}, {"model": "likes.likecount", "pk": 12, "fields": {"content_type": 11, "object_id": 5, "liked_num": 0}}, {"model": "likes.likecount", "pk": 13, "fields": {"content_type": 11, "object_id": 7, "liked_num": 0}}, {"model": "likes.likecount", "pk": 14, "fields": {"content_type": 11, "object_id": 8, "liked_num": 0}}, {"model": "likes.likecount", "pk": 15, "fields": {"content_type": 11, "object_id": 9, "liked_num": 0}}, {"model": "likes.likecount", "pk": 16, "fields": {"content_type": 11, "object_id": 6, "liked_num": 0}}, {"model": "likes.likecount", "pk": 17, "fields": {"content_type": 11, "object_id": 10, "liked_num": 0}}, {"model": "likes.likecount", "pk": 18, "fields": {"content_type": 11, "object_id": 11, "liked_num": 0}}, {"model": "likes.likecount", "pk": 19, "fields": {"content_type": 11, "object_id": 12, "liked_num": 0}}, {"model": "likes.likecount", "pk": 20, "fields": {"content_type": 11, "object_id": 13, "liked_num": 0}}, {"model": "likes.likecount", "pk": 21, "fields": {"content_type": 11, "object_id": 14, "liked_num": 0}}, {"model": "likes.likecount", "pk": 22, "fields": {"content_type": 11, "object_id": 15, "liked_num": 0}}, {"model": "likes.likecount", "pk": 23, "fields": {"content_type": 11, "object_id": 16, "liked_num": 0}}, {"model": "likes.likecount", "pk": 24, "fields": {"content_type": 11, "object_id": 17, "liked_num": 0}}, {"model": "likes.likecount", "pk": 25, "fields": {"content_type": 11, "object_id": 18, "liked_num": 0}}, {"model": "likes.likecount", "pk": 26, "fields": {"content_type": 11, "object_id": 19, "liked_num": 0}}, {"model": "likes.likecount", "pk": 27, "fields": {"content_type": 7, "object_id": 10, "liked_num": 0}}, {"model": "likes.likecount", "pk": 28, "fields": {"content_type": 7, "object_id": 9, "liked_num": 0}}, {"model": "likes.likecount", "pk": 29, "fields": {"content_type": 7, "object_id": 8, "liked_num": 0}}, {"model": "likes.likecount", "pk": 30, "fields": {"content_type": 7, "object_id": 7, "liked_num": 0}}, {"model": "likes.likecount", "pk": 31, "fields": {"content_type": 7, "object_id": 6, "liked_num": 0}}, {"model": "likes.likecount", "pk": 32, "fields": {"content_type": 7, "object_id": 5, "liked_num": 0}}, {"model": "likes.likecount", "pk": 33, "fields": {"content_type": 7, "object_id": 4, "liked_num": 0}}, {"model": "likes.likecount", "pk": 34, "fields": {"content_type": 7, "object_id": 3, "liked_num": 0}}, {"model": "likes.likecount", "pk": 35, "fields": {"content_type": 7, "object_id": 2, "liked_num": 0}}, {"model": "likes.likecount", "pk": 36, "fields": {"content_type": 7, "object_id": 1, "liked_num": 0}}, {"model": "auth.permission", "pk": 1, "fields": {"name": "Can add log entry", "content_type": 1, "codename": "add_logentry"}}, {"model": "auth.permission", "pk": 2, "fields": {"name": "Can change log entry", "content_type": 1, "codename": "change_logentry"}}, {"model": "auth.permission", "pk": 3, "fields": {"name": "Can delete log entry", "content_type": 1, "codename": "delete_logentry"}}, {"model": "auth.permission", "pk": 4, "fields": {"name": "Can add permission", "content_type": 2, "codename": "add_permission"}}, {"model": "auth.permission", "pk": 5, "fields": {"name": "Can change permission", "content_type": 2, "codename": "change_permission"}}, {"model": "auth.permission", "pk": 6, "fields": {"name": "Can delete permission", "content_type": 2, "codename": "delete_permission"}}, {"model": "auth.permission", "pk": 7, "fields": {"name": "Can add group", "content_type": 3, "codename": "add_group"}}, {"model": "auth.permission", "pk": 8, "fields": {"name": "Can change group", "content_type": 3, "codename": "change_group"}}, {"model": "auth.permission", "pk": 9, "fields": {"name": "Can delete group", "content_type": 3, "codename": "delete_group"}}, {"model": "auth.permission", "pk": 10, "fields": {"name": "Can add user", "content_type": 4, "codename": "add_user"}}, {"model": "auth.permission", "pk": 11, "fields": {"name": "Can change user", "content_type": 4, "codename": "change_user"}}, {"model": "auth.permission", "pk": 12, "fields": {"name": "Can delete user", "content_type": 4, "codename": "delete_user"}}, {"model": "auth.permission", "pk": 13, "fields": {"name": "Can add content type", "content_type": 5, "codename": "add_contenttype"}}, {"model": "auth.permission", "pk": 14, "fields": {"name": "Can change content type", "content_type": 5, "codename": "change_contenttype"}}, {"model": "auth.permission", "pk": 15, "fields": {"name": "Can delete content type", "content_type": 5, "codename": "delete_contenttype"}}, {"model": "auth.permission", "pk": 16, "fields": {"name": "Can add session", "content_type": 6, "codename": "add_session"}}, {"model": "auth.permission", "pk": 17, "fields": {"name": "Can change session", "content_type": 6, "codename": "change_session"}}, {"model": "auth.permission", "pk": 18, "fields": {"name": "Can delete session", "content_type": 6, "codename": "delete_session"}}, {"model": "auth.permission", "pk": 19, "fields": {"name": "Can add blog", "content_type": 7, "codename": "add_blog"}}, {"model": "auth.permission", "pk": 20, "fields": {"name": "Can change blog", "content_type": 7, "codename": "change_blog"}}, {"model": "auth.permission", "pk": 21, "fields": {"name": "Can delete blog", "content_type": 7, "codename": "delete_blog"}}, {"model": "auth.permission", "pk": 22, "fields": {"name": "Can add blog type", "content_type": 8, "codename": "add_blogtype"}}, {"model": "auth.permission", "pk": 23, "fields": {"name": "Can change blog type", "content_type": 8, "codename": "change_blogtype"}}, {"model": "auth.permission", "pk": 24, "fields": {"name": "Can delete blog type", "content_type": 8, "codename": "delete_blogtype"}}, {"model": "auth.permission", "pk": 25, "fields": {"name": "Can add read detail", "content_type": 9, "codename": "add_readdetail"}}, {"model": "auth.permission", "pk": 26, "fields": {"name": "Can change read detail", "content_type": 9, "codename": "change_readdetail"}}, {"model": "auth.permission", "pk": 27, "fields": {"name": "Can delete read detail", "content_type": 9, "codename": "delete_readdetail"}}, {"model": "auth.permission", "pk": 28, "fields": {"name": "Can add read num", "content_type": 10, "codename": "add_readnum"}}, {"model": "auth.permission", "pk": 29, "fields": {"name": "Can change read num", "content_type": 10, "codename": "change_readnum"}}, {"model": "auth.permission", "pk": 30, "fields": {"name": "Can delete read num", "content_type": 10, "codename": "delete_readnum"}}, {"model": "auth.permission", "pk": 31, "fields": {"name": "Can add comment", "content_type": 11, "codename": "add_comment"}}, {"model": "auth.permission", "pk": 32, "fields": {"name": "Can change comment", "content_type": 11, "codename": "change_comment"}}, {"model": "auth.permission", "pk": 33, "fields": {"name": "Can delete comment", "content_type": 11, "codename": "delete_comment"}}, {"model": "auth.permission", "pk": 34, "fields": {"name": "Can add like count", "content_type": 12, "codename": "add_likecount"}}, {"model": "auth.permission", "pk": 35, "fields": {"name": "Can change like count", "content_type": 12, "codename": "change_likecount"}}, {"model": "auth.permission", "pk": 36, "fields": {"name": "Can delete like count", "content_type": 12, "codename": "delete_likecount"}}, {"model": "auth.permission", "pk": 37, "fields": {"name": "Can add like record", "content_type": 13, "codename": "add_likerecord"}}, {"model": "auth.permission", "pk": 38, "fields": {"name": "Can change like record", "content_type": 13, "codename": "change_likerecord"}}, {"model": "auth.permission", "pk": 39, "fields": {"name": "Can delete like record", "content_type": 13, "codename": "delete_likerecord"}}, {"model": "auth.permission", "pk": 40, "fields": {"name": "Can add profile", "content_type": 14, "codename": "add_profile"}}, {"model": "auth.permission", "pk": 41, "fields": {"name": "Can change profile", "content_type": 14, "codename": "change_profile"}}, {"model": "auth.permission", "pk": 42, "fields": {"name": "Can delete profile", "content_type": 14, "codename": "delete_profile"}}, {"model": "auth.user", "pk": 1, "fields": {"password": "pbkdf2_sha256$100000$fetohE3Fik4y$klQDahzp7K7YSzhZS9LuXC7NZw4t9MzBc4PW3/BA3iw=", "last_login": "2018-12-06T01:35:00.044Z", "is_superuser": true, "username": "SeLo", "first_name": "", "last_name": "", "email": "540378958@qq.com", "is_staff": true, "is_active": true, "date_joined": "2018-12-03T08:51:00Z", "groups": [], "user_permissions": []}}, {"model": "auth.user", "pk": 2, "fields": {"password": "pbkdf2_sha256$100000$krepYlqf71yt$MWKvFbA/mp1u+ohiZ5wDKAqbGPuBCWmjybGVTYDkX1U=", "last_login": "2018-12-10T14:12:15.604Z", "is_superuser": false, "username": "selo", "first_name": "", "last_name": "", "email": "2741058179@qq.com", "is_staff": false, "is_active": true, "date_joined": "2018-12-10T14:12:14.875Z", "groups": [], "user_permissions": []}}, {"model": "blog.blog", "pk": 1, "fields": {"title": "\u51fa\u751f\u4e4b\u571f", "blog_type": 1, "content": "<p>\u827e\u745e\u5229\u5a05</p>", "author": 1, "created_time": "2018-12-04T03:13:59.533Z", "last_updated_time": "2018-12-04T03:13:59.533Z"}}, {"model": "blog.blog", "pk": 2, "fields": {"title": "\u4e07\u7269\u5f52\u4e00\u7684\u751f\u6d3b", "blog_type": 1, "content": "<p>\u827e\u6b27\u5c3c\u4e9a\u8bf8\u591a\u7701\u4efd\u7684\u5c45\u6c11\u4e00\u76f4\u90fd\u5c06\u81ea\u5df1\u89c6\u4e3a\u81ea\u7136\u4e16\u754c\u7684\u4e00\u90e8\u5206\uff0c\u6545\u6b64\u4ed6\u4eec\u7684\u751f\u6d3b\u65b9\u5f0f\u4e0e\u5468\u56f4\u5404\u79cd\u795e\u5947\u7684\u52a8\u690d\u7269\u548c\u8c10\u5171\u5b58\u3002\u5728\u5916\u6765\u8005\u770b\u6765\uff0c\u8fd9\u79cd\u4eb2\u5bc6\u7684\u5173\u7cfb\u53ef\u80fd\u6709\u4e9b\u5947\u602a\uff0c\u4f46\u6b63\u662f\u8fd9\u79cd\u76f8\u4e92\u4f9d\u5b58\u7684\u5173\u7cfb\uff0c\u624d\u8ba9\u8fd9\u7247\u571f\u5730\u548c\u8fd9\u91cc\u7684\u5c45\u6c11\u7e41\u884d\u751f\u606f\u4e86\u65e0\u6570\u4e2a\u4e16\u4ee3\u3002</p>", "author": 1, "created_time": "2018-12-04T03:15:14.579Z", "last_updated_time": "2018-12-04T03:15:14.579Z"}}, {"model": "blog.blog", "pk": 3, "fields": {"title": "\u827a\u672f\u753b\u5eca", "blog_type": 1, "content": "<p>\u8c6a\u65e0\u7591\u95ee\uff0c\u827e\u6b27\u5c3c\u4e9a\u7684\u5386\u53f2\u60a0\u4e45\u539a\u91cd\uff0c\u4efb\u4f55\u6d3b\u7740\u7684\u751f\u7075\u90fd\u4e0d\u6562\u5984\u79f0\u901a\u6653\u5b83\u7684\u5386\u53f2\u3002\u5343\u771f\u4e07\u786e\uff0c\u5728\u90a3\u4e9b\u504f\u50fb\u7684\u5c71\u95f4\u9698\u53e3\uff0c\u4f9d\u7136\u6563\u843d\u7740\u53e4\u4ee3\u6218\u573a\u7684\u75d5\u8ff9&mdash;&mdash;\u4f46\u827e\u6b27\u5c3c\u4e9a\u4eba\u5e76\u6ca1\u6709\u6e05\u626b\uff0c\u800c\u662f\u606d\u656c\u5730\u4fdd\u5b58\u7740\u9057\u5740\uff0c\u867d\u7136\u4ed6\u4eec\u5df2\u7ecf\u65e0\u6cd5\u5b8c\u5168\u7406\u89e3\u5176\u80cc\u540e\u7a76\u7adf\u610f\u5473\u7740\u4ec0\u4e48\u3002</p>", "author": 1, "created_time": "2018-12-04T03:15:57.585Z", "last_updated_time": "2018-12-04T03:15:57.585Z"}}, {"model": "blog.blog", "pk": 4, "fields": {"title": "\u5b8f\u4f1f\u7684\u4fee\u9053\u9662", "blog_type": 1, "content": "<p>\u867d\u7136\u8fd9\u91cc\u662f\u8bb8\u591a\u6b66\u672f\u6d41\u6d3e\u7684\u53d1\u6e90\u5730\uff0c\u4f46\u827e\u6b27\u5c3c\u4e9a\u59cb\u7ec8\u6ca1\u6709\u5e38\u5907\u7684\u519b\u961f\u3002\u76f8\u53cd\uff0c\u4e0d\u540c\u7684\u6218\u6597\u6280\u6cd5\u5728\u8fd9\u91cc\u4ee3\u8868\u7740\u5f7c\u6b64\u76f8\u5de6\u7684\u54f2\u5b66\u7406\u5ff5\uff0c\u5728\u4eba\u4eec\u7684\u656c\u4ef0\u548c\u7ef4\u62a4\u4e0b\u4ee3\u4ee3\u76f8\u4f20\u3002\u5728\u4e1c\u5317\u65b9\u7684\u5c71\u533a\uff0c\u5e0c\u62c9\u5a1c\u4fee\u9053\u9662\u662f\u4e00\u5ea7\u53e4\u8001\u7684\u907f\u96be\u6240\uff0c\u63a5\u7eb3\u6240\u6709\u4e3a\u4e86\u63a2\u5bfb\u81ea\u6211\u4e0e\u7cbe\u795e\u9886\u57df\u8fde\u63a5\u7684\u4eba\u3002</p>", "author": 1, "created_time": "2018-12-04T03:17:14.997Z", "last_updated_time": "2018-12-04T03:17:14.997Z"}}, {"model": "blog.blog", "pk": 5, "fields": {"title": "\u53d6\u6cd5\u81ea\u7136", "blog_type": 1, "content": "<p>\u827e\u6b27\u5c3c\u4e9a\u7684\u5efa\u7b51\u98ce\u683c\u5145\u6ee1\u81ea\u7136\u7684\u98d8\u9038\u548c\u4f18\u96c5\uff0c\u4f53\u73b0\u7740\u8fd9\u7247\u571f\u5730\u7684\u8f7b\u7075\u4e4b\u7f8e\u3002\u5e7f\u9614\u7684\u5f00\u653e\u7a7a\u95f4\u8ba9\u8eab\u5904\u5176\u4e2d\u7684\u4eba\u59cb\u7ec8\u90fd\u80fd\u4f53\u4f1a\u5230\u52c3\u7136\u7684\u751f\u673a\u3002</p>", "author": 1, "created_time": "2018-12-04T03:18:20.262Z", "last_updated_time": "2018-12-04T03:18:20.262Z"}}, {"model": "blog.blog", "pk": 6, "fields": {"title": "\u7eb3\u6c83\u5229\u7684\u666e\u96f7\u897f\u5178", "blog_type": 1, "content": "<p>\u666e\u96f7\u897f\u5178\u4f4d\u4e8e\u8fd9\u7247\u9646\u5730\u7684\u5fc3\u810f\u5730\u5e26\uff0c\u662f\u827e\u6b27\u5c3c\u4e9a\u6700\u795e\u5723\u7684\u5730\u65b9\u4e4b\u4e00\u3002\u8bb8\u591a\u4eba\u90fd\u957f\u9014\u8dcb\u6d89\u81f3\u6b64\uff0c\u5728\u8457\u540d\u5b66\u5e9c\u7814\u4e60\uff0c\u6216\u5728\u7e41\u76db\u4e0d\u7f81\u7684\u9b54\u6cd5\u82b1\u56ed\u4e2d\u51a5\u60f3\u3002\u6bcb\u5eb8\u7f6e\u7591\uff0c\u8fd9\u4e5f\u662f\u4e3a\u4ec0\u4e48\u5b83\u4f1a\u6210\u4e3a\u8bfa\u514b\u8428\u65af\u5782\u6d8e\u7684\u5165\u4fb5\u76ee\u6807\u3002</p>", "author": 1, "created_time": "2018-12-04T03:19:25.676Z", "last_updated_time": "2018-12-04T03:19:25.676Z"}}, {"model": "blog.blog", "pk": 7, "fields": {"title": "\u633a\u7acb\u4e4b\u6218", "blog_type": 1, "content": "<p>\u666e\u96f7\u897f\u5178\u662f\u827e\u6b27\u5c3c\u4e9a\u4eba\u9996\u6b21\u594b\u8d77\u53cd\u6297\u5f3a\u654c\u8bfa\u514b\u8428\u65af\u7684\u5730\u65b9\u3002\u4f46\u90a3\u4e00\u5929\u7684\u80dc\u5229\u4e5f\u4f34\u968f\u7740\u5de8\u5927\u7684\u4ee3\u4ef7\uff0c\u5982\u4eca\u751a\u81f3\u6709\u4eba\u5f00\u59cb\u8d28\u7591\u6b66\u529b\u8fd8\u51fb\u662f\u5426\u662f\u6b63\u786e\u7684\u6289\u62e9\uff0c\u56e0\u4e3a\u4ed6\u4eec\u7684\u5bb6\u56ed\u5df2\u7ecf\u6c38\u8fdc\u4e27\u5931\u4e86\u548c\u8c10\u7684\u5e73\u8861\u3002</p>", "author": 1, "created_time": "2018-12-04T03:20:07.201Z", "last_updated_time": "2018-12-04T03:20:07.201Z"}}, {"model": "blog.blog", "pk": 8, "fields": {"title": "\u79d1\u6280\u9b54\u6cd5\u5b66\u9662\u7684\u5854\u697c\uff0c\u5347\u5411\u76ae\u5c14\u7279\u6c83\u592b", "blog_type": 2, "content": "<p>.</p>", "author": 1, "created_time": "2018-12-04T03:22:30.013Z", "last_updated_time": "2018-12-04T03:22:30.014Z"}}, {"model": "blog.blog", "pk": 9, "fields": {"title": "\u540e\u8857\u7684\u6d77\u514b\u65af\u79d1\u6280\u4ea4\u6613", "blog_type": 2, "content": "<p>\u66b4\u8d70\u841d\u8389</p>", "author": 1, "created_time": "2018-12-04T03:23:03.628Z", "last_updated_time": "2018-12-04T03:23:03.628Z"}}, {"model": "blog.blog", "pk": 10, "fields": {"title": "\u547c\u6c14\u7ad9\uff0c\u901a\u5f80\u4e0b\u65b9\u5fae\u5149\u9152\u5427\u7684\u5165\u53e3", "blog_type": 2, "content": "<p>\u65f6\u95f4\u523a\u5ba2</p>", "author": 1, "created_time": "2018-12-04T03:23:36.023Z", "last_updated_time": "2018-12-04T03:23:36.023Z"}}, {"model": "blog.blog", "pk": 11, "fields": {"title": "\u8fb9\u5883\u96c6\u5e02\u5174\u65fa\u4e8e\u76ae\u57ce\u548c\u7956\u5b89\u4ea4\u754c\u5904", "blog_type": 2, "content": "<p>\u761f\u75ab\u4e4b\u6e90</p>", "author": 1, "created_time": "2018-12-04T03:24:02.863Z", "last_updated_time": "2018-12-04T03:24:02.863Z"}}, {"model": "blog.blog", "pk": 12, "fields": {"title": "\u7956\u5b89\u57ce\u4e2d\u5904\u5904\u751f\u673a\u6d0b\u6ea2", "blog_type": 2, "content": "<p>\u84b8\u6c7d\u673a\u5668\u4eba</p>", "author": 1, "created_time": "2018-12-04T03:24:38.294Z", "last_updated_time": "2018-12-04T03:24:38.294Z"}}, {"model": "blog.blog", "pk": 13, "fields": {"title": "\u5386\u53f2\u7684\u5c42\u53e0", "blog_type": 3, "content": "<p>\u4e0d\u673d\u5821\u5792\u5750\u843d\u4e8e\u8bfa\u514b\u8428\u65af\u4e2d\u5fc3\uff0c\u5b83\u7684\u5386\u53f2\u6bd4\u8fd9\u4e2a\u5e1d\u56fd\u8fd8\u8981\u60a0\u4e45\u3002\u636e\u8bf4\u4e0b\u4ee4\u5efa\u9020\u5b83\u7684\u662f\u6050\u6016\u7684\u51a5\u9b42\u83ab\u5fb7\u51ef\u6492\uff0c\u800c\u5b83\u8bb8\u591a\u90e8\u5206\u90fd\u5df2\u88ab\u5f7b\u5e95\u94f2\u5e73\uff0c\u5728\u8fc7\u53bb\u7684\u51e0\u767e\u5e74\u91cc\u9010\u6b65\u91cd\u5efa\uff0c\u6240\u4ee5\u8857\u9053\u9ad8\u4f4e\u5c42\u53e0\uff0c\u6709\u7684\u533a\u57df\u73b0\u5728\u5df2\u4f4e\u4e8e\u5730\u8868\u3002\u5f88\u5c11\u6709\u4eba\u6562\u5728\u5929\u9ed1\u4ee5\u540e\u4e0d\u5e26\u536b\u5175\u8d70\u4e0a\u8fd9\u4e9b\u8857\u9053\u3002</p>", "author": 1, "created_time": "2018-12-04T03:27:08.439Z", "last_updated_time": "2018-12-04T03:27:08.439Z"}}, {"model": "blog.blog", "pk": 14, "fields": {"title": "\u751f\u6d3b\u662f\u4e00\u573a\u6218\u6597", "blog_type": 3, "content": "<p>\u8bfa\u514b\u8428\u65af\u4eba\u5bf9\u529b\u91cf\u7684\u5c0a\u656c\u9ad8\u4e8e\u4e00\u5207\uff0c\u800c\u552f\u4e00\u80fd\u4fdd\u6301\u5f3a\u5927\u529b\u91cf\u7684\u53ea\u6709\u4e0d\u65ad\u5730\u8bd5\u70bc\u3002\u4ed6\u4eec\u975e\u5e38\u73cd\u60dc\u4e0e\u4ed6\u4eba\u7ade\u4e89\u7684\u673a\u4f1a\uff0c\u56e0\u4e3a\u4e0d\u53d7\u5230\u6311\u6218\u5c31\u610f\u5473\u7740\u53d8\u5f31\uff0c\u6240\u4ee5\u5373\u4f7f\u662f\u5904\u4e8e\u529b\u91cf\u5dc5\u5cf0\u65f6\u671f\u7684\u4eba\u4e5f\u5fc5\u987b\u5bfb\u627e\u6311\u6218\u81ea\u5df1\u7684\u65b9\u6cd5&hellip;&hellip;\u5426\u5219\u4ed6\u4eec\u7684\u5730\u4f4d\u5c06\u5c8c\u5c8c\u53ef\u5371\u3002\u8bfa\u514b\u8428\u65af\u4eba\u94a6\u4f69\u7684\u4e0d\u4ec5\u662f\u86ee\u529b\u6216\u6b66\u529b&mdash;&mdash;\u90a3\u4e9b\u5728\u653f\u6cbb\u3001\u5236\u9020\u3001\u8d38\u6613\u548c\u9b54\u6cd5\u9886\u57df\u5c55\u73b0\u51fa\u624d\u80fd\u7684\u4eba\u5168\u90fd\u8ba9\u8bfa\u514b\u8428\u65af\u7684\u529b\u91cf\u66f4\u5f3a\u5927</p>", "author": 1, "created_time": "2018-12-04T03:27:32.549Z", "last_updated_time": "2018-12-04T03:27:32.549Z"}}, {"model": "blog.blog", "pk": 15, "fields": {"title": "\u538b\u8feb\u611f\u548c\u9632\u5fa1\u6027\u80fd", "blog_type": 3, "content": "<p>\u8bfa\u514b\u8428\u65af\u6240\u8f96\u4f17\u591a\u57ce\u5e02\u7684\u5171\u540c\u7279\u70b9\u662f\uff1a\u5efa\u7b51\u98ce\u683c\u5e84\u4e25\u3001\u8857\u9053\u72ed\u7a84\u5e7d\u95ed\u3001\u623f\u6a90\u90fd\u6709\u5899\u579b\u3001\u57ce\u95e8\u96c4\u4f1f\u5b8f\u5927\u3002\u4ed6\u4eec\u7684\u57ce\u5e02\u90fd\u5f3a\u8c03\u5e1d\u56fd\u7684\u529b\u91cf\u548c\u638c\u63a7\uff0c\u800c\u4e14\u975e\u5e38\u9002\u4e8e\u9632\u5b88\u4f5c\u6218&mdash;&mdash;\u4efb\u4f55\u60f3\u9760\u6b66\u529b\u5360\u9886\u67d0\u5ea7\u8bfa\u514b\u8428\u65af\u57ce\u5e02\u7684\u654c\u4eba\u90fd\u5c06\u9762\u5bf9\u987d\u5f3a\u62b5\u6297\uff0c\u56e0\u4e3a\u5373\u4f7f\u662f\u518d\u7b80\u964b\u7684\u4f4f\u623f\uff0c\u4e5f\u4f1a\u5efa\u9020\u5f97\u50cf\u4e00\u5ea7\u5821\u5792\u3002</p>", "author": 1, "created_time": "2018-12-04T03:28:00.459Z", "last_updated_time": "2018-12-04T03:28:00.459Z"}}, {"model": "blog.blog", "pk": 16, "fields": {"title": "\u6301\u7eed\u51b2\u7a81\u7684\u72b6\u6001", "blog_type": 3, "content": "<p>\u8bfa\u514b\u8428\u65af\u662f\u4e00\u4e2a\u597d\u6218\u7684\u6269\u5f20\u4e3b\u4e49\u5e1d\u56fd\uff0c\u59cb\u7ec8\u90fd\u4e3a\u4e86\u62d3\u5c55\u7586\u57df\u800c\u5f81\u670d\u65b0\u571f\u5730\u3002\u4ed6\u4eec\u7684\u5f81\u670d\u5e76\u4e0d\u53ea\u9760\u66b4\u529b&mdash;&mdash;\u786e\u5b9e\uff0c\u6709\u8bb8\u591a\u56fd\u5bb6\u90fd\u5728\u8bfa\u514b\u8428\u65af\u7edf\u9886\u7684\u9762\u524d\u9009\u62e9\u4e0b\u8dea\u81e3\u670d\uff0c\u56e0\u4e3a\u4ed6\u4eec\u770b\u5230\uff0c\u52a0\u5165\u8fd9\u4e2a\u5e1d\u56fd\u53ef\u80fd\u4f1a\u66f4\u7a33\u5b9a\u4e5f\u66f4\u5b89\u5168\u3002\u7136\u800c\uff0c\u6240\u6709\u5fe4\u9006\u8bfa\u514b\u8428\u65af\u7684\u5168\u90fd\u88ab\u6beb\u4e0d\u7559\u60c5\u5730\u78be\u788e\u4e86\u3002</p>", "author": 1, "created_time": "2018-12-04T03:28:26.517Z", "last_updated_time": "2018-12-04T03:28:26.517Z"}}, {"model": "blog.blog", "pk": 17, "fields": {"title": "\u8bfa\u514b\u8428\u65af\u4eba\u5728\u6055\u745e\u739b", "blog_type": 3, "content": "<p>\u6055\u745e\u739b\u5317\u90e8\u7684\u8bb8\u591a\u6e2f\u53e3\u548c\u57ce\u5e02\u90fd\u90fd\u81ea\u613f\u6295\u9760\u4e86\u8fd9\u4e2a\u5e1d\u56fd\u3002\u8fd9\u4e9b\u5b9a\u5c45\u70b9\u7684\u539f\u8457\u6c11\u4e0e\u8bfa\u514b\u8428\u65af\u4fa8\u6c11\u548c\u5e73\u5171\u5904\uff0c\u4ed6\u4eec\u77e5\u9053\uff0c\u98df\u7269\u4ea4\u6362\u548c\u8d38\u6613\u7279\u60e0\u5f85\u9047\u4f5c\u4e3a\u4ee3\u4ef7\uff0c\u6362\u56de\u7684\u662f\u66f4\u53ef\u8d35\u7684\u5bf9\u6297\u52ab\u63a0\u8005\u7684\u519b\u4e8b\u4fdd\u62a4\u3002</p>", "author": 1, "created_time": "2018-12-04T03:28:58.914Z", "last_updated_time": "2018-12-04T03:28:58.914Z"}}, {"model": "comment.comment", "pk": 1, "fields": {"content_type": 7, "object_id": 17, "text": "<p>\u5fb7\u83b1\u5384\u65af</p>", "comment_time": "2018-12-04T06:46:13.420Z", "user": 1, "root": null, "parent": null, "reply_to": null}}, {"model": "comment.comment", "pk": 2, "fields": {"content_type": 7, "object_id": 17, "text": "<p>\u5fb7\u83b1\u5384\u65af</p>", "comment_time": "2018-12-04T06:46:18.080Z", "user": 1, "root": null, "parent": null, "reply_to": null}}, {"model": "comment.comment", "pk": 3, "fields": {"content_type": 7, "object_id": 17, "text": "<p>\u5fb7\u83b1\u6587</p>", "comment_time": "2018-12-06T06:57:50.853Z", "user": 1, "root": null, "parent": null, "reply_to": null}}, {"model": "comment.comment", "pk": 4, "fields": {"content_type": 7, "object_id": 17, "text": "<p>\u8363\u8000\u884c\u5211\u5b98</p>", "comment_time": "2018-12-06T07:03:43.987Z", "user": 1, "root": 3, "parent": 3, "reply_to": 1}}, {"model": "comment.comment", "pk": 5, "fields": {"content_type": 7, "object_id": 17, "text": "<p>\u5361\u7279\u7433\u5a1c</p>", "comment_time": "2018-12-06T07:11:33.722Z", "user": 1, "root": null, "parent": null, "reply_to": null}}, {"model": "comment.comment", "pk": 6, "fields": {"content_type": 7, "object_id": 17, "text": "<p>\u4e0d\u7965\u4e4b\u5203</p>", "comment_time": "2018-12-06T07:11:55.167Z", "user": 1, "root": 5, "parent": 5, "reply_to": 1}}, {"model": "comment.comment", "pk": 7, "fields": {"content_type": 7, "object_id": 16, "text": "<p>\u8bfa\u79d1\u8428\u65af\u4e00\u76f4\u5728\u53d1\u751f\u6218\u6597</p>", "comment_time": "2018-12-06T07:32:04.216Z", "user": 1, "root": null, "parent": null, "reply_to": null}}, {"model": "comment.comment", "pk": 8, "fields": {"content_type": 7, "object_id": 16, "text": "<p>\u8bfa\u79d1\u8428\u65af\u662f\u7528\u9c9c\u8840\u94f8\u6210\u7684</p>", "comment_time": "2018-12-06T07:41:13.618Z", "user": 1, "root": null, "parent": null, "reply_to": null}}, {"model": "comment.comment", "pk": 9, "fields": {"content_type": 7, "object_id": 16, "text": "<p>\u6211\u4eec\u7528\u541b\u738b\u7684\u9aa8\u8840\u94f8\u5750</p>", "comment_time": "2018-12-06T07:50:03.047Z", "user": 1, "root": 8, "parent": 8, "reply_to": 1}}, {"model": "comment.comment", "pk": 10, "fields": {"content_type": 7, "object_id": 17, "text": "<p>\u8bfa\u514b\u8428\u65af\u4e4b\u624b</p>", "comment_time": "2018-12-06T08:23:48.623Z", "user": 1, "root": 2, "parent": 2, "reply_to": 1}}, {"model": "comment.comment", "pk": 11, "fields": {"content_type": 7, "object_id": 17, "text": "<p>\u745e\u6587</p>", "comment_time": "2018-12-06T08:30:54.364Z", "user": 1, "root": null, "parent": null, "reply_to": null}}, {"model": "comment.comment", "pk": 12, "fields": {"content_type": 7, "object_id": 17, "text": "<p>\u653e\u9010\u4e4b\u5203</p>", "comment_time": "2018-12-06T08:33:23.088Z", "user": 1, "root": 11, "parent": 11, "reply_to": 1}}, {"model": "comment.comment", "pk": 13, "fields": {"content_type": 7, "object_id": 17, "text": "<p>\u5f17\u62c9\u57fa\u7c73\u5c14</p>", "comment_time": "2018-12-06T08:38:19.640Z", "user": 1, "root": null, "parent": null, "reply_to": null}}, {"model": "comment.comment", "pk": 14, "fields": {"content_type": 7, "object_id": 17, "text": "<p>\u8165\u7ea2\u6536\u5272\u8005</p>", "comment_time": "2018-12-06T08:39:15.504Z", "user": 1, "root": 13, "parent": 13, "reply_to": 1}}, {"model": "comment.comment", "pk": 15, "fields": {"content_type": 7, "object_id": 17, "text": "<p>\u6cf0\u9686</p>", "comment_time": "2018-12-06T08:46:59.539Z", "user": 1, "root": null, "parent": null, "reply_to": null}}, {"model": "comment.comment", "pk": 16, "fields": {"content_type": 7, "object_id": 17, "text": "<p>\u5200\u950b\u4e4b\u5f71</p>", "comment_time": "2018-12-06T08:49:00.003Z", "user": 1, "root": 15, "parent": 15, "reply_to": 1}}, {"model": "comment.comment", "pk": 17, "fields": {"content_type": 7, "object_id": 17, "text": "<p>\u514b\u70c8</p>", "comment_time": "2018-12-06T08:58:20.584Z", "user": 1, "root": null, "parent": null, "reply_to": null}}, {"model": "comment.comment", "pk": 18, "fields": {"content_type": 7, "object_id": 17, "text": "<p>\u66b4\u6012\u9a91\u58eb</p>", "comment_time": "2018-12-06T09:16:17.280Z", "user": 1, "root": 17, "parent": 17, "reply_to": 1}}, {"model": "comment.comment", "pk": 19, "fields": {"content_type": 7, "object_id": 17, "text": "<p><img alt=\"smiley\" height=\"23\" src=\"http://127.0.0.1:8000/static/ckeditor/ckeditor/plugins/smiley/images/regular_smile.png\" title=\"smiley\" width=\"23\" /></p>", "comment_time": "2018-12-07T13:26:40.897Z", "user": 1, "root": 17, "parent": 17, "reply_to": 1}}, {"model": "user.profile", "pk": 1, "fields": {"user": 1, "nickname": "\u5c39\u5929\u7fd4"}}, {"model": "admin.logentry", "pk": 1, "fields": {"action_time": "2018-12-04T02:59:36.039Z", "user": 1, "content_type": 8, "object_id": "1", "object_repr": "\u827e\u6b27\u5c3c\u4e9a", "action_flag": 1, "change_message": "[{\"added\": {}}]"}}, {"model": "admin.logentry", "pk": 2, "fields": {"action_time": "2018-12-04T02:59:41.770Z", "user": 1, "content_type": 8, "object_id": "2", "object_repr": "\u7956\u5b89", "action_flag": 1, "change_message": "[{\"added\": {}}]"}}, {"model": "admin.logentry", "pk": 3, "fields": {"action_time": "2018-12-04T02:59:53.653Z", "user": 1, "content_type": 8, "object_id": "3", "object_repr": "\u8bfa\u514b\u8428\u65af", "action_flag": 1, "change_message": "[{\"added\": {}}]"}}, {"model": "admin.logentry", "pk": 4, "fields": {"action_time": "2018-12-04T03:01:05.919Z", "user": 1, "content_type": 8, "object_id": "4", "object_repr": "\u73ed\u5fb7\u5c14\u57ce", "action_flag": 1, "change_message": "[{\"added\": {}}]"}}, {"model": "admin.logentry", "pk": 5, "fields": {"action_time": "2018-12-04T03:01:22.392Z", "user": 1, "content_type": 8, "object_id": "5", "object_repr": "\u76ae\u5c14\u7279\u6c83\u592b", "action_flag": 1, "change_message": "[{\"added\": {}}]"}}, {"model": "admin.logentry", "pk": 6, "fields": {"action_time": "2018-12-04T03:01:43.578Z", "user": 1, "content_type": 8, "object_id": "6", "object_repr": "\u6218\u4e89\u5b66\u9662", "action_flag": 1, "change_message": "[{\"added\": {}}]"}}, {"model": "admin.logentry", "pk": 7, "fields": {"action_time": "2018-12-04T03:01:56.318Z", "user": 1, "content_type": 8, "object_id": "7", "object_repr": "\u5de8\u795e\u5cf0", "action_flag": 1, "change_message": "[{\"added\": {}}]"}}, {"model": "admin.logentry", "pk": 8, "fields": {"action_time": "2018-12-04T03:02:07.000Z", "user": 1, "content_type": 8, "object_id": "8", "object_repr": "\u96f7\u745f\u5b88\u5907", "action_flag": 1, "change_message": "[{\"added\": {}}]"}}, {"model": "admin.logentry", "pk": 9, "fields": {"action_time": "2018-12-04T03:02:14.785Z", "user": 1, "content_type": 8, "object_id": "9", "object_repr": "\u88c1\u51b3\u4e4b\u5730", "action_flag": 1, "change_message": "[{\"added\": {}}]"}}, {"model": "admin.logentry", "pk": 10, "fields": {"action_time": "2018-12-04T03:02:21.930Z", "user": 1, "content_type": 8, "object_id": "10", "object_repr": "\u9ed1\u8272\u73ab\u7470", "action_flag": 1, "change_message": "[{\"added\": {}}]"}}, {"model": "admin.logentry", "pk": 11, "fields": {"action_time": "2018-12-04T03:02:28.291Z", "user": 1, "content_type": 8, "object_id": "11", "object_repr": "\u6697\u5f71\u5c9b", "action_flag": 1, "change_message": "[{\"added\": {}}]"}}, {"model": "admin.logentry", "pk": 12, "fields": {"action_time": "2018-12-04T03:02:37.241Z", "user": 1, "content_type": 8, "object_id": "12", "object_repr": "\u94a2\u94c1\u70c8\u9633", "action_flag": 1, "change_message": "[{\"added\": {}}]"}}, {"model": "admin.logentry", "pk": 13, "fields": {"action_time": "2018-12-04T03:02:52.237Z", "user": 1, "content_type": 8, "object_id": "13", "object_repr": "\u6c34\u6676\u4e4b\u75d5", "action_flag": 1, "change_message": "[{\"added\": {}}]"}}, {"model": "admin.logentry", "pk": 14, "fields": {"action_time": "2018-12-04T03:03:04.041Z", "user": 1, "content_type": 8, "object_id": "14", "object_repr": "\u5747\u8861\u6559\u6d3e", "action_flag": 1, "change_message": "[{\"added\": {}}]"}}, {"model": "admin.logentry", "pk": 15, "fields": {"action_time": "2018-12-04T03:03:14.356Z", "user": 1, "content_type": 8, "object_id": "15", "object_repr": "\u5f71\u6d41", "action_flag": 1, "change_message": "[{\"added\": {}}]"}}, {"model": "admin.logentry", "pk": 16, "fields": {"action_time": "2018-12-04T03:03:21.914Z", "user": 1, "content_type": 8, "object_id": "16", "object_repr": "\u5b88\u671b\u4e4b\u6d77", "action_flag": 1, "change_message": "[{\"added\": {}}]"}}, {"model": "admin.logentry", "pk": 17, "fields": {"action_time": "2018-12-04T03:03:29.732Z", "user": 1, "content_type": 8, "object_id": "17", "object_repr": "\u5f81\u670d\u4e4b\u6d77", "action_flag": 1, "change_message": "[{\"added\": {}}]"}}, {"model": "admin.logentry", "pk": 18, "fields": {"action_time": "2018-12-04T03:03:37.276Z", "user": 1, "content_type": 8, "object_id": "18", "object_repr": "\u5361\u62c9\u66fc\u8fbe", "action_flag": 1, "change_message": "[{\"added\": {}}]"}}, {"model": "admin.logentry", "pk": 19, "fields": {"action_time": "2018-12-04T03:03:45.816Z", "user": 1, "content_type": 8, "object_id": "19", "object_repr": "\u76ae\u57ce\u8b66\u5907", "action_flag": 1, "change_message": "[{\"added\": {}}]"}}, {"model": "admin.logentry", "pk": 20, "fields": {"action_time": "2018-12-04T03:07:43.321Z", "user": 1, "content_type": 8, "object_id": "20", "object_repr": "\u5ce1\u8c37\u4e4b\u5dc5", "action_flag": 1, "change_message": "[{\"added\": {}}]"}}, {"model": "admin.logentry", "pk": 21, "fields": {"action_time": "2018-12-04T03:07:58.753Z", "user": 1, "content_type": 8, "object_id": "21", "object_repr": "\u6bd4\u5c14\u5409\u6c83\u7279", "action_flag": 1, "change_message": "[{\"added\": {}}]"}}, {"model": "admin.logentry", "pk": 22, "fields": {"action_time": "2018-12-04T03:08:05.835Z", "user": 1, "content_type": 8, "object_id": "22", "object_repr": "\u5fb7\u739b\u897f\u4e9a", "action_flag": 1, "change_message": "[{\"added\": {}}]"}}, {"model": "admin.logentry", "pk": 23, "fields": {"action_time": "2018-12-04T03:08:16.019Z", "user": 1, "content_type": 8, "object_id": "23", "object_repr": "\u5f17\u96f7\u5c14\u5353\u5fb7", "action_flag": 1, "change_message": "[{\"added\": {}}]"}}, {"model": "admin.logentry", "pk": 24, "fields": {"action_time": "2018-12-04T03:08:24.337Z", "user": 1, "content_type": 8, "object_id": "24", "object_repr": "\u65e0\u754f\u5148\u950b", "action_flag": 1, "change_message": "[{\"added\": {}}]"}}, {"model": "admin.logentry", "pk": 25, "fields": {"action_time": "2018-12-04T03:08:31.531Z", "user": 1, "content_type": 8, "object_id": "25", "object_repr": "\u6055\u745e\u739b", "action_flag": 1, "change_message": "[{\"added\": {}}]"}}, {"model": "admin.logentry", "pk": 26, "fields": {"action_time": "2018-12-04T03:08:39.356Z", "user": 1, "content_type": 8, "object_id": "26", "object_repr": "\u626d\u66f2\u4e1b\u6797", "action_flag": 1, "change_message": "[{\"added\": {}}]"}}, {"model": "admin.logentry", "pk": 27, "fields": {"action_time": "2018-12-04T03:08:48.462Z", "user": 1, "content_type": 8, "object_id": "27", "object_repr": "\u5de8\u9f99\u4e4b\u5de2", "action_flag": 1, "change_message": "[{\"added\": {}}]"}}, {"model": "admin.logentry", "pk": 28, "fields": {"action_time": "2018-12-04T03:09:11.156Z", "user": 1, "content_type": 8, "object_id": "28", "object_repr": "\u7537\u7235\u9886\u5730", "action_flag": 1, "change_message": "[{\"added\": {}}]"}}, {"model": "admin.logentry", "pk": 29, "fields": {"action_time": "2018-12-04T03:13:59.641Z", "user": 1, "content_type": 7, "object_id": "1", "object_repr": "<Blog: \u51fa\u751f\u4e4b\u571f>", "action_flag": 1, "change_message": "[{\"added\": {}}]"}}, {"model": "admin.logentry", "pk": 30, "fields": {"action_time": "2018-12-04T03:15:14.878Z", "user": 1, "content_type": 7, "object_id": "2", "object_repr": "<Blog: \u4e07\u7269\u5f52\u4e00\u7684\u751f\u6d3b>", "action_flag": 1, "change_message": "[{\"added\": {}}]"}}, {"model": "admin.logentry", "pk": 31, "fields": {"action_time": "2018-12-04T03:15:57.587Z", "user": 1, "content_type": 7, "object_id": "3", "object_repr": "<Blog: \u827a\u672f\u753b\u5eca>", "action_flag": 1, "change_message": "[{\"added\": {}}]"}}, {"model": "admin.logentry", "pk": 32, "fields": {"action_time": "2018-12-04T03:17:15.297Z", "user": 1, "content_type": 7, "object_id": "4", "object_repr": "<Blog: \u5b8f\u4f1f\u7684\u4fee\u9053\u9662>", "action_flag": 1, "change_message": "[{\"added\": {}}]"}}, {"model": "admin.logentry", "pk": 33, "fields": {"action_time": "2018-12-04T03:18:20.567Z", "user": 1, "content_type": 7, "object_id": "5", "object_repr": "<Blog: \u53d6\u6cd5\u81ea\u7136>", "action_flag": 1, "change_message": "[{\"added\": {}}]"}}, {"model": "admin.logentry", "pk": 34, "fields": {"action_time": "2018-12-04T03:19:25.970Z", "user": 1, "content_type": 7, "object_id": "6", "object_repr": "<Blog: \u7eb3\u6c83\u5229\u7684\u666e\u96f7\u897f\u5178>", "action_flag": 1, "change_message": "[{\"added\": {}}]"}}, {"model": "admin.logentry", "pk": 35, "fields": {"action_time": "2018-12-04T03:20:07.202Z", "user": 1, "content_type": 7, "object_id": "7", "object_repr": "<Blog: \u633a\u7acb\u4e4b\u6218>", "action_flag": 1, "change_message": "[{\"added\": {}}]"}}, {"model": "admin.logentry", "pk": 36, "fields": {"action_time": "2018-12-04T03:22:30.314Z", "user": 1, "content_type": 7, "object_id": "8", "object_repr": "<Blog: \u79d1\u6280\u9b54\u6cd5\u5b66\u9662\u7684\u5854\u697c\uff0c\u5347\u5411\u76ae\u5c14\u7279\u6c83\u592b>", "action_flag": 1, "change_message": "[{\"added\": {}}]"}}, {"model": "admin.logentry", "pk": 37, "fields": {"action_time": "2018-12-04T03:23:03.630Z", "user": 1, "content_type": 7, "object_id": "9", "object_repr": "<Blog: \u540e\u8857\u7684\u6d77\u514b\u65af\u79d1\u6280\u4ea4\u6613>", "action_flag": 1, "change_message": "[{\"added\": {}}]"}}, {"model": "admin.logentry", "pk": 38, "fields": {"action_time": "2018-12-04T03:23:36.317Z", "user": 1, "content_type": 7, "object_id": "10", "object_repr": "<Blog: \u547c\u6c14\u7ad9\uff0c\u901a\u5f80\u4e0b\u65b9\u5fae\u5149\u9152\u5427\u7684\u5165\u53e3>", "action_flag": 1, "change_message": "[{\"added\": {}}]"}}, {"model": "admin.logentry", "pk": 39, "fields": {"action_time": "2018-12-04T03:24:02.865Z", "user": 1, "content_type": 7, "object_id": "11", "object_repr": "<Blog: \u8fb9\u5883\u96c6\u5e02\u5174\u65fa\u4e8e\u76ae\u57ce\u548c\u7956\u5b89\u4ea4\u754c\u5904>", "action_flag": 1, "change_message": "[{\"added\": {}}]"}}, {"model": "admin.logentry", "pk": 40, "fields": {"action_time": "2018-12-04T03:24:38.295Z", "user": 1, "content_type": 7, "object_id": "12", "object_repr": "<Blog: \u7956\u5b89\u57ce\u4e2d\u5904\u5904\u751f\u673a\u6d0b\u6ea2>", "action_flag": 1, "change_message": "[{\"added\": {}}]"}}, {"model": "admin.logentry", "pk": 41, "fields": {"action_time": "2018-12-04T03:27:08.722Z", "user": 1, "content_type": 7, "object_id": "13", "object_repr": "<Blog: \u5386\u53f2\u7684\u5c42\u53e0>", "action_flag": 1, "change_message": "[{\"added\": {}}]"}}, {"model": "admin.logentry", "pk": 42, "fields": {"action_time": "2018-12-04T03:27:32.550Z", "user": 1, "content_type": 7, "object_id": "14", "object_repr": "<Blog: \u751f\u6d3b\u662f\u4e00\u573a\u6218\u6597>", "action_flag": 1, "change_message": "[{\"added\": {}}]"}}, {"model": "admin.logentry", "pk": 43, "fields": {"action_time": "2018-12-04T03:28:00.554Z", "user": 1, "content_type": 7, "object_id": "15", "object_repr": "<Blog: \u538b\u8feb\u611f\u548c\u9632\u5fa1\u6027\u80fd>", "action_flag": 1, "change_message": "[{\"added\": {}}]"}}, {"model": "admin.logentry", "pk": 44, "fields": {"action_time": "2018-12-04T03:28:26.519Z", "user": 1, "content_type": 7, "object_id": "16", "object_repr": "<Blog: \u6301\u7eed\u51b2\u7a81\u7684\u72b6\u6001>", "action_flag": 1, "change_message": "[{\"added\": {}}]"}}, {"model": "admin.logentry", "pk": 45, "fields": {"action_time": "2018-12-04T03:28:59.212Z", "user": 1, "content_type": 7, "object_id": "17", "object_repr": "<Blog: \u8bfa\u514b\u8428\u65af\u4eba\u5728\u6055\u745e\u739b>", "action_flag": 1, "change_message": "[{\"added\": {}}]"}}, {"model": "admin.logentry", "pk": 46, "fields": {"action_time": "2018-12-04T07:49:52.692Z", "user": 1, "content_type": 4, "object_id": "1", "object_repr": "SeLo", "action_flag": 2, "change_message": "[{\"changed\": {\"fields\": [\"email\", \"last_login\"]}}]"}}]